#timestamp [ns],filename
1543621723984841643,frame3600.png
1543621724001508309,frame3601.png
1543621724018174976,frame3602.png
1543621724034841643,frame3603.png
1543621724051508309,frame3604.png
1543621724068174976,frame3605.png
1543621724084841643,frame3606.png
1543621724101508309,frame3607.png
1543621724118174976,frame3608.png
1543621724134841643,frame3609.png
1543621724151508309,frame3610.png
1543621724168174976,frame3611.png
1543621724184841643,frame3612.png
1543621724201508309,frame3613.png
1543621724218174976,frame3614.png
1543621724234841643,frame3615.png
1543621724251508309,frame3616.png
1543621724268174976,frame3617.png
1543621724284841643,frame3618.png
1543621724301508309,frame3619.png
